method,obs_level,overall_nonzero_mae,overall_nonzero_mse,overall_zero_mae,overall_forecast_mae,overall_forecast_mse,overall_lag_rmse,spearman_rho,edge_fdr,edge_power,edge_f1
VAR,none,0.0604984872043132,0.0059010828845202,0.0727491676807403,0.1099505573511123,0.0200747083872556,1.474956099514659,,0.1291510081510081,0.6547169811320754,0.7342982901642119
ACLE-VAR,none,0.0655072256922721,0.006976987235248,0.02904131449759,0.1093959733843803,0.0198106113821268,1.005928373141891,,0.1468082368082368,0.6607547169811321,0.7298874531054605
VARX,all,0.0626667663455009,0.006555977743119,0.0721836909651756,0.1092358753085136,0.0198396500200033,1.2391511189098348,0.209217913797695,0.0758035178035178,0.6495094339622641,0.7550447446920513
ACLE-VARX,all,0.0691389665007591,0.0079574547708034,0.0234309919178485,0.1080932393670082,0.0194710381329059,1.0990577454928965,0.2257164481514576,0.0798275418275418,0.6509433962264151,0.7541972717733474
VARX,partial_2,0.0603837482631206,0.0058973375707864,0.0719214975833892,0.1097632944583892,0.0200796052813529,1.2921105020661157,0.1994967541364456,0.0957228657228657,0.6468679245283019,0.7447215222869059
ACLE-VARX,partial_2,0.067908801138401,0.0075396499596536,0.0246553663164377,0.109072096645832,0.0197554659098386,1.0603416073720413,0.3271669924376987,0.1076567996567996,0.6513962264150943,0.7432188065099457
VARX,partial_1,0.0600850209593772,0.0057787653058767,0.0720490515232086,0.1092644110321998,0.0198736209422349,1.3861606838463718,0.1565601525515628,0.1079562419562419,0.6477735849056604,0.7393720118878407
ACLE-VARX,partial_1,0.0659439340233802,0.0070689725689589,0.0259672012180089,0.1084121465682983,0.0195637736469507,1.0298254903334547,0.3466319732577069,0.1216825396825396,0.6538113207547169,0.7376532697547684
OR-VARX_lgbm,all,0.0664695650339126,0.0068402434699237,0.0683293640613555,0.1022853553295135,0.0169305987656116,1.287580707245143,,0.0454609338881183,0.6658921161825726,0.7790291262135923
ORACLE-VARX_lgbm,all,0.0578505508601665,0.0056936298497021,0.0213827956467866,0.1007399931550026,0.0164076816290617,0.9617944394148472,,0.0468238557558945,0.6733609958506224,0.7836963345728497
OR-VARX_lgbm,partial_2,0.068739116191864,0.0073555307462811,0.0714788734912872,0.1067694202065467,0.0186056066304445,1.3107472114893797,,0.0723985205732778,0.6513692946058092,0.7571504365021946
ORACLE-VARX_lgbm,partial_2,0.0642847642302513,0.0069794352166354,0.0192490983754396,0.1048214957118034,0.0180105902254581,1.051859195420324,,0.0842071197411003,0.6549377593360995,0.7545293752091399
OR-VARX_lgbm,partial_1,0.0582417622208595,0.0058661457151174,0.0743438303470611,0.1129840463399887,0.0211595222353935,1.3027230629112148,,0.1689958391123439,0.6510373443983403,0.7132142370107731
ORACLE-VARX_lgbm,partial_1,0.0660817250609397,0.0070734471082687,0.0245966371148824,0.1121012866497039,0.0208704005926847,1.0677987519927532,,0.1797230698104484,0.6602489626556016,0.7138627187079408
OR-VARX_xgboost,all,0.1056574434041976,0.0159937739372253,0.0726352110505104,0.1110563650727272,0.0200094748288393,1.608834831349417,,0.0807144398212359,0.6671369294605809,0.7616295594504975
ORACLE-VARX_xgboost,all,0.0796688869595527,0.0101730739697813,0.0234552510082721,0.1103412136435508,0.0196328684687614,1.0371731559097574,,0.1027945754353521,0.6707883817427386,0.7523618932377716
OR-VARX_xgboost,partial_2,0.0958217084407806,0.0137437218800187,0.069545030593872,0.1205462738871574,0.0236774645745754,1.7454517872882005,,0.0842404068423485,0.6518672199170125,0.7529355379822669
ORACLE-VARX_xgboost,partial_2,0.0801813602447509,0.0097292456775903,0.0226440131664276,0.1194411665201187,0.0233612302690744,0.9370476254850576,,0.1056347665279704,0.6499585062240664,0.7434972470096829
OR-VARX_xgboost,partial_1,0.0777026116847992,0.009710774756968,0.0749671906232833,0.1353949606418609,0.0304369796067476,2.165035482567595,,0.1313287101248266,0.6544398340248962,0.731709580143818
ORACLE-VARX_xgboost,partial_1,0.0659852623939514,0.0067595588043332,0.0309913679957389,0.1383896470069885,0.0318850539624691,0.9154552159593524,,0.1729801202034211,0.6614107883817427,0.716694393237714
OR-VARX_rf,all,0.0715103968977928,0.0079398779198527,0.0708759576082229,0.096058689057827,0.0150422761216759,1.2465096902018011,,0.1034091539528432,0.6502904564315353,0.7413083581665957
ORACLE-VARX_rf,all,0.0646703615784645,0.0073092598468065,0.0201487801969051,0.0957902148365974,0.0149415591731667,1.1067313896931084,,0.1166287563569116,0.6522821576763486,0.7356106691623772
OR-VARX_rf,partial_2,0.0620896480977535,0.0064284913241863,0.0717095360159874,0.1012964099645614,0.0170201174914836,1.3712725292641732,,0.1002098936662043,0.6506224066390042,0.7462047304049874
ORACLE-VARX_rf,partial_2,0.0617030262947082,0.006594477687031,0.0208680629730224,0.1003913655877113,0.0167019050568342,1.0294687101814792,,0.1142209893666204,0.6553526970954356,0.74296735346693
OR-VARX_rf,partial_1,0.0605822503566741,0.0061753150075674,0.0742649808526039,0.1128785014152526,0.0213946662843227,1.6191811426815512,,0.1546315302820157,0.6583402489626556,0.7176587660575358
ORACLE-VARX_rf,partial_1,0.0642462223768234,0.0067401654087007,0.0304480083286762,0.1124808192253112,0.0212319120764732,1.163856995853063,,0.1860208044382801,0.6652282157676348,0.7068159774270346
OR-VARX_extra_trees,all,0.0626581683754921,0.0061708786524832,0.0692678540945053,0.0945292711257934,0.0145292049273848,1.212075168292888,,0.0944466019417475,0.6487136929460581,0.7485755326789563
ORACLE-VARX_extra_trees,all,0.0625843480229377,0.0068784649483859,0.0184328164905309,0.0942859947681427,0.0144497668370604,1.0726973532411113,,0.100629680998613,0.652448132780083,0.7488332222116393
OR-VARX_extra_trees,partial_2,0.0595421455800533,0.0055352128110826,0.0685541927814483,0.0988115891814231,0.016183216124773,1.2324102204446012,,0.0853952843273231,0.6517842323651453,0.7528757668711658
ORACLE-VARX_extra_trees,partial_2,0.060667410492897,0.0062181456014513,0.0202608108520507,0.0983987674117088,0.0160065125674009,1.0334220652998192,,0.0955959315765141,0.6557676348547717,0.7506768631548947
OR-VARX_extra_trees,partial_1,0.0571903996169567,0.0052092187106609,0.0715669840574264,0.1097492724657058,0.0201882403343915,1.532305832739843,,0.1523300970873786,0.6615767634854772,0.7237732080439422
ORACLE-VARX_extra_trees,partial_1,0.0620280988514423,0.0061716493219137,0.0277611780911684,0.1088141277432441,0.0198635850101709,1.0453781774939548,,0.174803513638465,0.6705394190871369,0.7187652893297157
OR-VARX-TabPFN,all,0.0670965462923049,0.007063724566251,0.0700801461935043,0.0912896618247032,0.0133693814277648,1.1588410682053096,0.1445128481361498,0.0559223300970873,0.6597510373443983,0.7703861621202578
ORACLE-VARX-TabPFN,all,0.0601104274392128,0.0061850794591009,0.0190894827246665,0.0910497903823852,0.0132621079683303,0.9813800467283328,0.3038912937360147,0.0661165048543689,0.6726970954356847,0.7748410839745734
OR-VARX-TabPFN,partial_2,0.0594112649559974,0.0053301909938454,0.0688212439417839,0.0980368703603744,0.0158323086798191,1.221967218666338,0.1932919334941268,0.0635358298659269,0.6499585062240664,0.7609054697367141
ORACLE-VARX-TabPFN,partial_2,0.0606435500085353,0.0062380246818065,0.020484410226345,0.0973204299807548,0.0156014328822493,1.0226559747629926,0.2729384121752845,0.0755506241331484,0.6537759336099586,0.7584480600750939
OR-VARX-TabPFN,partial_1,0.0587743408977985,0.0053392415866255,0.0715625509619712,0.1080294623970985,0.0196178182959556,1.4229737766143262,0.0986233180862754,0.1504170134073046,0.659253112033195,0.7265742900260667
ORACLE-VARX-TabPFN,partial_1,0.061784807592630386,0.0060332403518259525,0.026846615597605705,0.10782001912593842,0.019473955035209656,1.0226559747629926,0.27116481662716313,0.16678363384188624,0.6671369294605809,0.7232893967339961
