method,obs_level,days,overall_nonzero_mae,overall_nonzero_mse,overall_forecast_mae,overall_forecast_mse,overall_lag_rmse,spearman_rho,edge_fdr,edge_power,edge_f1,edge_n_discovered
PCMCI+OLS,all,T225..T2999,0.067835733294487,0.007927896454930305,0.10833132043075601,0.019605488189210745,1.1977456301713627,0.5311712794704372,0.042782496782496786,0.687622641509434,0.7958595387840671,3.476036036036036
PCMCI+OLS,all,T425..T2999,0.06460189819335938,0.006950263865292072,0.10809925068139363,0.01957782000695733,1.213836092004364,0.4720908261379323,0.04532871012482663,0.6846473029045643,0.7923169267707083,3.407766990291262
PCMCI+OLS,none,T225..T2999,0.06899012625217438,0.008007257245481014,0.1093198705063645,0.019850340904525428,1.122898437482616,0.5625692020269826,0.062337194337194334,0.6766792452830188,0.7800591613015485,3.5091891891891893
PCMCI+OLS,none,T425..T2999,0.06568051129579544,0.0069906809367239475,0.10910744032839004,0.01982339736484581,1.1361662670611934,0.4896836877083404,0.06624687933425798,0.6725311203319502,0.7749832647986994,3.4423300970873787
PCMCI+OLS,partial_1,T225..T2999,0.06960674375295639,0.008124036714434624,0.10854695908522032,0.01965610405236483,1.1956377166807468,0.542542767824313,0.04903217503217503,0.6756981132075471,0.7841814837522993,3.4536936936936935
PCMCI+OLS,partial_1,T425..T2999,0.06642090529203415,0.007133463863283396,0.10834985183783202,0.019639544552798975,1.2112739021457606,0.4728768683101611,0.05190846047156727,0.671701244813278,0.7796561190579396,3.3836893203883496
PCMCI+OLS,partial_2,T225..T2999,0.06956662982702255,0.008099935948848724,0.1091610101123632,0.019863159662747137,1.2065885196933774,0.5308660537819494,0.04842385242385243,0.675622641509434,0.7849877236057524,3.4443243243243242
PCMCI+OLS,partial_2,T425..T2999,0.06641414016485214,0.007116379216313362,0.10890331765286282,0.019823940031388675,1.2229202674673947,0.4648737121821913,0.05171890892279241,0.6716182572614108,0.7803114303620499,3.3759223300970875
VAR-LiNGAM,all,T225..T2999,0.07816991955041885,0.010289369150996208,0.10776797414860126,0.019370146665529032,1.2155153135512022,,0.19688288288288286,0.6283018867924528,0.6913303437967115,3.9041441441441442
VAR-LiNGAM,all,T425..T2999,0.07042757421731949,0.008089611306786537,0.10741893982325376,0.019336337916750133,1.1320571531765755,,0.18654368932038834,0.6410788381742739,0.7031036679712388,3.853980582524272
VAR-LiNGAM,none,T225..T2999,0.0779256522655487,0.01029700506478548,0.10941954073813975,0.01984964719731856,1.2146255864731796,0.03564414463136749,0.22428056628056625,0.6284528301886793,0.6793114700603687,4.05981981981982
VAR-LiNGAM,none,T425..T2999,0.07030525803565979,0.008100729435682297,0.10907435931191459,0.019791958039156378,1.1320571531765755,,0.21635783633841885,0.6410788381742739,0.6895474426492905,4.021747572815534
VAR-LiNGAM,partial_1,T225..T2999,0.07849176228046417,0.010366056114435196,0.10838389167302992,0.019569058165862626,1.2155153135512022,,0.21921235521235521,0.6283018867924528,0.6798970966556412,4.05009009009009
VAR-LiNGAM,partial_1,T425..T2999,0.07094600796699524,0.008198845200240612,0.1080767405956458,0.019545246948497033,1.1320571531765755,,0.20860748959778086,0.6410788381742739,0.6915536457633947,3.996504854368932
VAR-LiNGAM,partial_2,T225..T2999,0.07857027649879456,0.01034999918192625,0.10857818161452414,0.019639990038710822,1.2155153135512022,,0.20600772200772202,0.6283018867924528,0.6858343287885652,3.9736936936936935
VAR-LiNGAM,partial_2,T425..T2999,0.07097218930721283,0.008168485946953297,0.10824509653566014,0.019606151993648253,1.1320571531765755,,0.19587239944521498,0.6410788381742739,0.6972965654195064,3.9250485436893205
